{
  "Scale factor": 0.8472521305084229,
  "Edit vs GT (m)": 0.05644179880619049,
  "RMSE (m)": 0.08195576071739197,
  "Max diff (m)": 2.2037031650543213,
  "Std dev (m)": 0.08178321272134781,
  "% diff > 0.1m": 15.654808150074512,
  "% diff > 0.5m": 0.1433660074466584
}