{
  "Scale factor": 0.5506496429443359,
  "Edit vs GT (m)": 0.08492057770490646,
  "RMSE (m)": 0.1386234611272812,
  "Max diff (m)": 2.1378979682922363,
  "Std dev (m)": 0.12424332648515701,
  "% diff > 0.1m": 24.84007983214779,
  "% diff > 0.5m": 1.5802051010075164
}