{
  "depth_pro": {
    "Scale factor": 0.804751992225647,
    "Orig vs GT (m)": 0.04968627914786339,
    "Edit vs GT (m)": 0.09760721772909164,
    "MAE (m)": 0.08510719239711761,
    "RMSE (m)": 0.1142759695649147,
    "Max diff (m)": 2.065896987915039,
    "Std dev (m)": 0.07730182260274887,
    "% diff > 0.1m": 33.618521841683545,
    "% diff > 0.5m": 0.2603213660210874
  },
  "depth_anything": {
    "Scale factor": 0.022332747298550892,
    "Orig vs GT (m)": 0.364325790329528,
    "Edit vs GT (m)": 0.33119097352027893,
    "MAE (m)": 0.08036258327581376,
    "RMSE (m)": 0.13041426387927887,
    "Max diff (m)": 2.5082172299005894,
    "Std dev (m)": 0.10412410208865125,
    "% diff > 0.1m": 32.963408470239756,
    "% diff > 0.5m": 0.2508394619607167
  },
  "metric3d": {
    "Scale factor": 0.28779083490371704,
    "Orig vs GT (m)": 0.12806397676467896,
    "Edit vs GT (m)": 0.26272886991500854,
    "MAE (m)": 0.17688266932964325,
    "RMSE (m)": 0.20350612699985504,
    "Max diff (m)": 1.6631090641021729,
    "Std dev (m)": 0.10130445659160614,
    "% diff > 0.1m": 76.12683809844724,
    "% diff > 0.5m": 0.21353874846702686
  }
}