{
  "depth_pro": {
    "Scale factor": 0.8047187924385071,
    "Orig vs GT (m)": 0.049902722239494324,
    "Edit vs GT (m)": 0.09589551389217377,
    "Edit vs GT RMSE (m)": 0.11315758526325226,
    "MAE (m)": 0.08320986479520798,
    "RMSE (m)": 0.09739944338798523,
    "Max diff (m)": 2.3884527683258057,
    "Std dev (m)": 0.052128471434116364,
    "% diff > 0.1m": 33.45235270674092,
    "% diff > 0.5m": 0.13933408079050574
  },
  "depth_anything": {
    "Scale factor": 0.545094907283783,
    "Orig vs GT (m)": 0.08258208632469177,
    "Edit vs GT (m)": 0.0974445715546608,
    "Edit vs GT RMSE (m)": 0.1527731716632843,
    "MAE (m)": 0.01878916658461094,
    "RMSE (m)": 0.035634107887744904,
    "Max diff (m)": 1.5835399627685547,
    "Std dev (m)": 0.032978788018226624,
    "% diff > 0.1m": 1.0301572606470002,
    "% diff > 0.5m": 0.06373545598764369
  },
  "metric3d": {
    "Scale factor": 0.28779083490371704,
    "Orig vs GT (m)": 0.12806397676467896,
    "Edit vs GT (m)": 0.26272886991500854,
    "MAE (m)": 0.17688266932964325,
    "RMSE (m)": 0.20350612699985504,
    "Max diff (m)": 1.6631090641021729,
    "Std dev (m)": 0.10130445659160614,
    "% diff > 0.1m": 76.12683809844724,
    "% diff > 0.5m": 0.21353874846702686
  }
}