{
  "depth_pro": {
    "Scale factor": 0.804751992225647,
    "Orig vs GT (m)": 0.049329981207847595,
    "Edit vs GT (m)": 0.09205169975757599,
    "MAE (m)": 0.08443403989076614,
    "RMSE (m)": 0.10462519526481628,
    "Max diff (m)": 2.3918235301971436,
    "Std dev (m)": 0.06258008629083633,
    "% diff > 0.1m": 31.26329684779315,
    "% diff > 0.5m": 0.1439218445828989
  },
  "depth_anything": {
    "Scale factor": 0.022332747298550892,
    "Orig vs GT (m)": 0.37989404845795055,
    "Edit vs GT (m)": 0.3423648774623871,
    "MAE (m)": 0.07785956939607196,
    "RMSE (m)": 0.11954989575442744,
    "Max diff (m)": 2.8001043423112613,
    "Std dev (m)": 0.0922140536227469,
    "% diff > 0.1m": 30.622993594912913,
    "% diff > 0.5m": 0.18552666046874758
  },
  "metric3d": {
    "Scale factor": 0.28779083490371704,
    "Orig vs GT (m)": 0.13769103586673737,
    "Edit vs GT (m)": 0.2723529636859894,
    "MAE (m)": 0.17387442290782928,
    "RMSE (m)": 0.20284907519817352,
    "Max diff (m)": 1.7501168251037598,
    "Std dev (m)": 0.10508881509304047,
    "% diff > 0.1m": 73.72054918356969,
    "% diff > 0.5m": 0.35102137254801247
  }
}
