{
  "depth_anything": {
    "Scale factor": 0.014273410467526313,
    "Orig vs GT (m)": 0.07058461795474229,
    "Edit vs GT (m)": 0.06977184116840363,
    "MAE (m)": 0.02778411286834832,
    "RMSE (m)": 0.05961001395696811,
    "Max diff (m)": 1.9001239029355514,
    "Std dev (m)": 0.056057152877129944,
    "% diff > 0.1m": 3.623357526277432,
    "% diff > 0.5m": 0.1865658285283922
  },
  "depth_pro": {
    "Scale factor": 0.8222733736038208,
    "Orig vs GT (m)": 0.0531751923263073,
    "Edit vs GT (m)": 0.08284104615449905,
    "MAE (m)": 0.05206463858485222,
    "RMSE (m)": 0.0987129956483841,
    "Max diff (m)": 1.74049711227417,
    "Std dev (m)": 0.08564409613609314,
    "% diff > 0.1m": 17.008274473699657,
    "% diff > 0.5m": 0.18885673663004554
  },
  "metric3d": {
    "Scale factor": 0.31869080662727356,
    "Orig vs GT (m)": 0.07215004414319992,
    "Edit vs GT (m)": 0.1630474030971527,
    "MAE (m)": 0.16353242099285126,
    "RMSE (m)": 0.1912304311990738,
    "Max diff (m)": 1.6104156970977783,
    "Std dev (m)": 0.10123741626739502,
    "% diff > 0.1m": 70.49668319461408,
    "% diff > 0.5m": 0.2783453343508783
  }
}
