{
  "depth_anything": {
    "Scale factor": 0.5630183815956116,
    "Orig vs GT (m)": 0.062211889773607254,
    "Edit vs GT (m)": 0.061814337968826294,
    "Edit vs GT RMSE (m)": 0.08835365623235703,
    "MAE (m)": 0.03176191821694374,
    "RMSE (m)": 0.059636496007442474,
    "Max diff (m)": 2.2350449562072754,
    "Std dev (m)": 0.056755032390356064,
    "% diff > 0.1m": 1.6990872334984937,
    "% diff > 0.5m": 0.1678778827374842
  },
  "depth_pro": {
    "Scale factor": 0.8221362829208374,
    "Orig vs GT (m)": 0.05134527012705803,
    "Edit vs GT (m)": 0.07021449506282806,
    "Edit vs GT RMSE (m)": 0.10502076148986816,
    "MAE (m)": 0.042066365480422974,
    "RMSE (m)": 0.09010490030050278,
    "Max diff (m)": 1.862051248550415,
    "Std dev (m)": 0.08209224045276642,
    "% diff > 0.1m": 12.890797846123059,
    "% diff > 0.5m": 0.24488676581220656
  },
  "metric3d": {
    "Scale factor": 0.31869080662727356,
    "Orig vs GT (m)": 0.06769482791423798,
    "Edit vs GT (m)": 0.14668339490890503,
    "MAE (m)": 0.14256952702999115,
    "RMSE (m)": 0.17155395448207855,
    "Max diff (m)": 1.5474450588226318,
    "Std dev (m)": 0.09730678796768188,
    "% diff > 0.1m": 59.565935997247834,
    "% diff > 0.5m": 0.29772722173610644
  }
}