{
  "depth_anything": {
    "Scale factor": 0.014273410467526313,
    "Orig vs GT (m)": 0.06197039330623067,
    "Edit vs GT (m)": 0.06006037816405296,
    "MAE (m)": 0.02771574386679132,
    "RMSE (m)": 0.0643134505498587,
    "Max diff (m)": 1.9409836561093496,
    "Std dev (m)": 0.061361007370276464,
    "% diff > 0.1m": 3.0177320081069157,
    "% diff > 0.5m": 0.2686350616619177
  },
  "depth_pro": {
    "Scale factor": 0.8222733736038208,
    "Orig vs GT (m)": 0.051281269639730453,
    "Edit vs GT (m)": 0.0704425722360611,
    "MAE (m)": 0.041796863079071045,
    "RMSE (m)": 0.0936158299446106,
    "Max diff (m)": 1.7650117874145508,
    "Std dev (m)": 0.08561374992132187,
    "% diff > 0.1m": 12.52294092571403,
    "% diff > 0.5m": 0.2870326744594766
  },
  "metric3d": {
    "Scale factor": 0.31869080662727356,
    "Orig vs GT (m)": 0.06769482791423798,
    "Edit vs GT (m)": 0.14668339490890503,
    "MAE (m)": 0.14256952702999115,
    "RMSE (m)": 0.17155395448207855,
    "Max diff (m)": 1.5474450588226318,
    "Std dev (m)": 0.09730678796768188,
    "% diff > 0.1m": 59.565935997247834,
    "% diff > 0.5m": 0.29772722173610644
  }
}