{
  "Scale factor": 0.6071215867996216,
  "Edit vs GT (m)": 0.05809376761317253,
  "RMSE (m)": 0.09246915578842163,
  "Max diff (m)": 2.0092344284057617,
  "Std dev (m)": 0.09246915578842163,
  "% diff > 0.1m": 18.305412241239477,
  "% diff > 0.5m": 0.203302147931389
}