{
  "Scale factor": 0.673829972743988,
  "Edit vs GT (m)": 0.021397819742560387,
  "RMSE (m)": 0.061817608773708344,
  "Max diff (m)": 2.1773509979248047,
  "Std dev (m)": 0.061817605048418045,
  "% diff > 0.1m": 1.422572276162164,
  "% diff > 0.5m": 0.2691311042981889
}