{
  "Scale factor": 2.052668333053589,
  "Edit vs GT (m)": 0.023205263540148735,
  "RMSE (m)": 0.06274192035198212,
  "Max diff (m)": 2.2144551277160645,
  "Std dev (m)": 0.06274191290140152,
  "% diff > 0.1m": 1.5905175288011375,
  "% diff > 0.5m": 0.24152791411375926
}