{
  "Scale factor": 0.6107819676399231,
  "Edit vs GT (m)": 0.062229305505752563,
  "RMSE (m)": 0.09018189460039139,
  "Max diff (m)": 2.1105287075042725,
  "Std dev (m)": 0.09018189460039139,
  "% diff > 0.1m": 11.884413967214233,
  "% diff > 0.5m": 0.1986499248665975
}