{
  "Scale factor": 0.8024897575378418,
  "Edit vs GT (m)": 0.04241907596588135,
  "RMSE (m)": 0.06479755789041519,
  "Max diff (m)": 2.2366220951080322,
  "Std dev (m)": 0.0647975504398346,
  "% diff > 0.1m": 5.4064259606452945,
  "% diff > 0.5m": 0.15468641690431773
}