{
  "depth_anything": {
    "Scale factor": 0.024823072838456663,
    "Orig vs GT (m)": 0.5629705482998739,
    "Edit vs GT (m)": 0.5797751545906067,
    "MAE (m)": 0.04831970917179076,
    "RMSE (m)": 0.10366855518408817,
    "Max diff (m)": 3.3045304229814714,
    "Std dev (m)": 0.0974897219022639,
    "% diff > 0.1m": 12.139665212417295,
    "% diff > 0.5m": 0.31027486601767146
  },
  "depth_pro": {
    "Scale factor": 0.9031112194061279,
    "Orig vs GT (m)": 0.07359499484300613,
    "Edit vs GT (m)": 0.04699240252375603,
    "MAE (m)": 0.05718313157558441,
    "RMSE (m)": 0.10841754078865051,
    "Max diff (m)": 1.9116058349609375,
    "Std dev (m)": 0.09406382590532303,
    "% diff > 0.1m": 19.09672357186937,
    "% diff > 0.5m": 0.20188627645819882
  },
  "metric3d": {
    "Scale factor": 0.2913876473903656,
    "Orig vs GT (m)": 0.09521780163049698,
    "Edit vs GT (m)": 0.21139481663703918,
    "MAE (m)": 0.1495220959186554,
    "RMSE (m)": 0.17484717071056366,
    "Max diff (m)": 1.4724469184875488,
    "Std dev (m)": 0.09256409108638763,
    "% diff > 0.1m": 63.64844296999054,
    "% diff > 0.5m": 0.2240794486929653
  }
}
