{
  "depth_anything": {
    "Scale factor": 0.024823072838456663,
    "Orig vs GT (m)": 0.5026678587175964,
    "Edit vs GT (m)": 0.5123039484024048,
    "MAE (m)": 0.04820080750876648,
    "RMSE (m)": 0.11184836026717929,
    "Max diff (m)": 3.3755894442127174,
    "Std dev (m)": 0.10671372287623881,
    "% diff > 0.1m": 10.794313193182413,
    "% diff > 0.5m": 0.46285701465078194
  },
  "depth_pro": {
    "Scale factor": 0.9031112194061279,
    "Orig vs GT (m)": 0.06709878146648407,
    "Edit vs GT (m)": 0.045803457498550415,
    "MAE (m)": 0.045905932784080505,
    "RMSE (m)": 0.10281923413276672,
    "Max diff (m)": 1.938530445098877,
    "Std dev (m)": 0.0940304845571518,
    "% diff > 0.1m": 13.829096647296824,
    "% diff > 0.5m": 0.3031118888963676
  },
  "metric3d": {
    "Scale factor": 0.2913876473903656,
    "Orig vs GT (m)": 0.08248007297515869,
    "Edit vs GT (m)": 0.18053166568279266,
    "MAE (m)": 0.13035519421100616,
    "RMSE (m)": 0.1568564772605896,
    "Max diff (m)": 1.4148712158203125,
    "Std dev (m)": 0.08897023648023605,
    "% diff > 0.1m": 52.03301100117416,
    "% diff > 0.5m": 0.22548293733593594
  }
}