{
  "depth_anything": {
    "Scale factor": 0.5424400568008423,
    "Orig vs GT (m)": 0.0722813531756401,
    "Edit vs GT (m)": 0.07421652972698212,
    "Edit vs GT RMSE (m)": 0.09808232635259628,
    "MAE (m)": 0.03060101345181465,
    "RMSE (m)": 0.057456791400909424,
    "Max diff (m)": 2.1533546447753906,
    "Std dev (m)": 0.054680630564689636,
    "% diff > 0.1m": 1.555297788681399,
    "% diff > 0.5m": 0.15809427102827983
  },
  "depth_pro": {
    "Scale factor": 0.903059720993042,
    "Orig vs GT (m)": 0.0684797465801239,
    "Edit vs GT (m)": 0.04623807966709137,
    "Edit vs GT RMSE (m)": 0.07945927232503891,
    "MAE (m)": 0.0462069995701313,
    "RMSE (m)": 0.09897398948669434,
    "Max diff (m)": 2.0453343391418457,
    "Std dev (m)": 0.09017261117696762,
    "% diff > 0.1m": 14.198318256441805,
    "% diff > 0.5m": 0.27127287011884865
  },
  "metric3d": {
    "Scale factor": 0.2913876473903656,
    "Orig vs GT (m)": 0.08248007297515869,
    "Edit vs GT (m)": 0.18053166568279266,
    "MAE (m)": 0.13035519421100616,
    "RMSE (m)": 0.1568564772605896,
    "Max diff (m)": 1.4148712158203125,
    "Std dev (m)": 0.08897023648023605,
    "% diff > 0.1m": 52.03301100117416,
    "% diff > 0.5m": 0.22548293733593594
  }
}