{
  "depth_pro": {
    "Scale factor": 0.7747119665145874,
    "Orig vs GT (m)": 0.043384354561567307,
    "Edit vs GT (m)": 0.08660461753606796,
    "Edit vs GT RMSE (m)": 0.10694752633571625,
    "MAE (m)": 0.08010707795619965,
    "RMSE (m)": 0.09376756101846695,
    "Max diff (m)": 2.299391031265259,
    "Std dev (m)": 0.05018467828631401,
    "% diff > 0.1m": 30.73778054843507,
    "% diff > 0.5m": 0.13134776452928032
  },
  "depth_anything": {
    "Scale factor": 0.6000714898109436,
    "Orig vs GT (m)": 0.055199142545461655,
    "Edit vs GT (m)": 0.05665818229317665,
    "Edit vs GT RMSE (m)": 0.09398261457681656,
    "MAE (m)": 0.020684173330664635,
    "RMSE (m)": 0.03922804445028305,
    "Max diff (m)": 1.7432506084442139,
    "Std dev (m)": 0.03630492463707924,
    "% diff > 0.1m": 1.1556122092942112,
    "% diff > 0.5m": 0.07272975391290727
  },
  "metric3d": {
    "Scale factor": 0.35087940096855164,
    "Orig vs GT (m)": 0.0711401104927063,
    "Edit vs GT (m)": 0.21553736925125122,
    "MAE (m)": 0.21565821766853333,
    "RMSE (m)": 0.248118057847023,
    "Max diff (m)": 2.0276904106140137,
    "Std dev (m)": 0.12351207435131073,
    "% diff > 0.1m": 85.29834693581691,
    "% diff > 0.5m": 0.27450504068990644
  }
}