{
  "depth_pro": {
    "Scale factor": 0.7747119665145874,
    "Orig vs GT (m)": 0.043192580342292786,
    "Edit vs GT (m)": 0.08780769258737564,
    "MAE (m)": 0.08202853798866272,
    "RMSE (m)": 0.110209621489048,
    "Max diff (m)": 1.9874696731567383,
    "Std dev (m)": 0.07460962235927582,
    "% diff > 0.1m": 30.987780217286115,
    "% diff > 0.5m": 0.25698898123294817
  },
  "depth_anything": {
    "Scale factor": 0.01519473773850063,
    "Orig vs GT (m)": 0.05561258087937676,
    "Edit vs GT (m)": 0.07060454369148221,
    "MAE (m)": 0.05480774264746117,
    "RMSE (m)": 0.0889568695732876,
    "Max diff (m)": 1.706538811018425,
    "Std dev (m)": 0.07104021518391482,
    "% diff > 0.1m": 16.951973558741802,
    "% diff > 0.5m": 0.2210530795334007
  },
  "metric3d": {
    "Scale factor": 0.35087940096855164,
    "Orig vs GT (m)": 0.07131113111972809,
    "Edit vs GT (m)": 0.22103890776634216,
    "MAE (m)": 0.2119905799627304,
    "RMSE (m)": 0.24731697142124176,
    "Max diff (m)": 2.1337718963623047,
    "Std dev (m)": 0.12812606990337372,
    "% diff > 0.1m": 82.31846688821659,
    "% diff > 0.5m": 0.46607666586196445
  }
}