{
  "depth_pro": {
    "Scale factor": 0.7748203277587891,
    "Orig vs GT (m)": 0.04317930340766907,
    "Edit vs GT (m)": 0.08790430426597595,
    "MAE (m)": 0.08194173872470856,
    "RMSE (m)": 0.11002563685178757,
    "Max diff (m)": 1.9890587329864502,
    "Std dev (m)": 0.07442670315504074,
    "% diff > 0.1m": 30.9061487405132,
    "% diff > 0.5m": 0.2554628697256909
  },
  "depth_anything": {
    "Scale factor": 0.01519428156488965,
    "Orig vs GT (m)": 0.05545734115043119,
    "Edit vs GT (m)": 0.07046191394329071,
    "MAE (m)": 0.05467534257493981,
    "RMSE (m)": 0.08872844092813494,
    "Max diff (m)": 1.7064874328894195,
    "Std dev (m)": 0.07084172156777233,
    "% diff > 0.1m": 16.83657037179251,
    "% diff > 0.5m": 0.2197294131014838
  },
  "metric3d": {
    "Scale factor": 0.35087940096855164,
    "Orig vs GT (m)": 0.0711401104927063,
    "Edit vs GT (m)": 0.21553736925125122,
    "MAE (m)": 0.21565821766853333,
    "RMSE (m)": 0.248118057847023,
    "Max diff (m)": 2.0276904106140137,
    "Std dev (m)": 0.12351207435131073,
    "% diff > 0.1m": 85.29834693581691,
    "% diff > 0.5m": 0.27450504068990644
  }
}