{
  "Scale factor": 2.301818609237671,
  "Edit vs GT (m)": 0.02750486135482788,
  "RMSE (m)": 0.07197920233011246,
  "Max diff (m)": 1.998656988143921,
  "Std dev (m)": 0.07197920233011246,
  "% diff > 0.1m": 3.3129384558940704,
  "% diff > 0.5m": 0.2803152991228103
}