{
  "Scale factor": 0.7094531059265137,
  "Edit vs GT (m)": 0.028018437325954437,
  "RMSE (m)": 0.07228466868400574,
  "Max diff (m)": 2.010694742202759,
  "Std dev (m)": 0.07228466868400574,
  "% diff > 0.1m": 3.4253758722793965,
  "% diff > 0.5m": 0.2617857314917414
}