{
  "Scale factor": 0.6736237406730652,
  "Edit vs GT (m)": 0.051821351051330566,
  "RMSE (m)": 0.08731590956449509,
  "Max diff (m)": 1.998471975326538,
  "Std dev (m)": 0.08731591701507568,
  "% diff > 0.1m": 8.975203732596103,
  "% diff > 0.5m": 0.25941394683496455
}