{
  "Scale factor": 0.5683841109275818,
  "Edit vs GT (m)": 0.05709722265601158,
  "RMSE (m)": 0.08598753809928894,
  "Max diff (m)": 2.1117546558380127,
  "Std dev (m)": 0.08598752319812775,
  "% diff > 0.1m": 12.94905480675514,
  "% diff > 0.5m": 0.1867039234506502
}