{
  "Scale factor": 0.8832759261131287,
  "Edit vs GT (m)": 0.045079704374074936,
  "RMSE (m)": 0.07607809454202652,
  "Max diff (m)": 2.116408348083496,
  "Std dev (m)": 0.07607809454202652,
  "% diff > 0.1m": 7.42346362089987,
  "% diff > 0.5m": 0.19292985817468936
}