{
  "Scale factor": 0.5357738733291626,
  "Edit vs GT (m)": 0.0735626369714737,
  "RMSE (m)": 0.09990008175373077,
  "Max diff (m)": 1.9793918132781982,
  "Std dev (m)": 0.09989996999502182,
  "% diff > 0.1m": 16.174237230348467,
  "% diff > 0.5m": 0.2249489510411764
}