{
  "Scale factor": 0.9115418791770935,
  "Edit vs GT (m)": 0.051268644630908966,
  "RMSE (m)": 0.08656517416238785,
  "Max diff (m)": 2.220625877380371,
  "Std dev (m)": 0.08120399713516235,
  "% diff > 0.1m": 10.862551373226257,
  "% diff > 0.5m": 0.18633333209802883
}